videoId,castId,role
s1039,0,acts
s1039,1,acts
s1039,2,acts
s1039,3,acts
s1039,4,acts
s1039,5,acts
s1040,0,acts
s1040,3,acts
s1040,2,acts
s1040,1,acts
s1040,4,acts
s1040,5,acts
s1041,3,acts
s1041,0,acts
s1041,4,acts
s1041,6,acts
s1042,3,acts
s1042,7,acts
s1042,8,acts
s1042,6,acts
s1043,3,acts
s1043,4,acts
s1043,6,acts
s1044,9,acts
s1044,10,acts
s1044,11,acts
s1045,12,acts
s1045,13,acts
s1045,14,acts
s1046,15,acts
s1046,16,acts
s1046,17,acts
s1047,15,acts
s1047,18,acts
s1047,17,acts
s1048,0,acts
s1048,19,acts
s1048,20,acts
s1049,0,acts
s1049,21,acts
s1049,22,acts
s1049,4,acts
s1050,0,acts
s1050,21,acts
s1050,22,acts
s1051,0,acts
s1051,1,acts
s1051,2,acts
s1051,3,acts
s1051,4,acts
s1051,5,acts
s1052,1,acts
s1052,23,acts
s1052,24,acts
s1052,25,acts
s1053,1,acts
s1053,23,acts
s1053,24,acts
s1053,25,acts
s1035,46,acts
s1035,47,acts
s1035,48,acts
s1036,49,acts
s1036,50,acts
s1036,51,acts
s1038,52,acts
s1038,53,acts
s1038,54,acts
s492,0,acts
s492,1,acts
s492,2,acts
s492,3,acts
s492,4,acts
s492,22,acts
s610,55,acts
s610,56,acts
s610,57,acts
s686,1,acts
s686,24,acts
s686,58,acts
s1054001,26,acts
s1054002,26,acts
s1054003,26,acts
s1054004,26,acts
s1054005,26,acts
s1054006,26,acts
s1054007,26,acts
s1054008,26,acts
s1054009,26,acts
s1054010,26,acts
s1054011,26,acts
s1054012,26,acts
s1054013,26,acts
s1054014,26,acts
s1054015,26,acts
s1054016,26,acts
s1054017,26,acts
s1054018,26,acts
s1054019,26,acts
s1054020,26,acts
s1054001,27,acts
s1054002,27,acts
s1054003,27,acts
s1054004,27,acts
s1054005,27,acts
s1054006,27,acts
s1054007,27,acts
s1054008,27,acts
s1054009,27,acts
s1054010,27,acts
s1054011,27,acts
s1054012,27,acts
s1054013,27,acts
s1054014,27,acts
s1054015,27,acts
s1054016,27,acts
s1054017,27,acts
s1054018,27,acts
s1054019,27,acts
s1054020,27,acts
s1054001,28,acts
s1054002,28,acts
s1054003,28,acts
s1054004,28,acts
s1054005,28,acts
s1054006,28,acts
s1054007,28,acts
s1054008,28,acts
s1054009,28,acts
s1054010,28,acts
s1054011,28,acts
s1054012,28,acts
s1054013,28,acts
s1054014,28,acts
s1054015,28,acts
s1054016,28,acts
s1054017,28,acts
s1054018,28,acts
s1054019,28,acts
s1054020,28,acts
s1055001,29,acts
s1055002,29,acts
s1055003,29,acts
s1055004,29,acts
s1055005,29,acts
s1055006,29,acts
s1055007,29,acts
s1055008,29,acts
s1055009,29,acts
s1055010,29,acts
s1055001,30,acts
s1055002,30,acts
s1055003,30,acts
s1055004,30,acts
s1055005,30,acts
s1055006,30,acts
s1055007,30,acts
s1055008,30,acts
s1055009,30,acts
s1055010,30,acts
s1055001,31,acts
s1055002,31,acts
s1055003,31,acts
s1055004,31,acts
s1055005,31,acts
s1055006,31,acts
s1055007,31,acts
s1055008,31,acts
s1055009,31,acts
s1055010,31,acts
